"","Position","AminoAcids","Probabilities"
"1",1,"GLY",0.029
"2",2,"VAL",0.032
"3",3,"HIS",0.031
"4",4,"SER",0.029
"5",5,"LEU",0.204
"6",6,"ARG",0.029
"7",7,"TYR",1
"8",8,"PHE",0.029
"9",9,"GLN",0.894
"10",10,"THR",0.028
"11",11,"SER",0.026
"12",12,"MET",0.026
"13",13,"SER",0.026
"14",14,"GLN",0.026
"15",15,"PRO",0.026
"16",16,"GLY",0.026
"17",17,"LEU",0.026
"18",18,"THR",0.026
"19",19,"LYS",0.026
"20",20,"PRO",0.026
"21",21,"ARG",0.026
"22",22,"PHE",0.035
"23",23,"ILE",0.027
"24",24,"SER",0.16
"25",25,"VAL",0.028
"26",26,"GLY",0.027
"27",27,"TYR",0.033
"28",28,"VAL",0.03
"29",29,"ASP",0.034
"30",30,"ASP",0.035
"31",31,"GLN",0.033
"32",32,"ALA",0.032
"33",33,"PHE",0.032
"34",34,"VAL",0.029
"35",35,"ARG",0.028
"36",36,"PHE",0.031
"37",37,"ASP",0.026
"38",38,"SER",0.026
"39",39,"ASP",0.026
"40",40,"SER",0.026
"41",41,"ALA",0.026
"42",42,"GLY",0.026
"43",43,"LEU",0.026
"44",44,"ARG",0.026
"45",45,"GLU",0.695
"46",46,"GLU",0.026
"47",47,"PRO",0.026
"48",48,"MET",0.028
"49",49,"VAL",0.029
"50",50,"MET",0.027
"51",51,"TRP",0.027
"52",52,"LEU",0.028
"53",53,"ASP",0.026
"54",54,"LYS",0.026
"55",55,"SER",0.026
"56",56,"ASN",0.026
"57",57,"GLN",0.026
"58",58,"ASN",0.027
"59",59,"TYR",0.426
"60",60,"TRP",0.026
"61",61,"GLU",0.027
"62",62,"ARG",0.461
"63",63,"ASN",1
"64",64,"SER",0.027
"65",65,"ARG",0.04
"66",66,"VAL",0.997
"67",67,"ILE",0.824
"68",68,"TRP",0.027
"69",69,"GLU",0.199
"70",70,"THR",0.993
"71",71,"ALA",0.026
"72",72,"ARG",0.028
"73",73,"THR",0.986
"74",74,"PHE",0.297
"75",75,"GLN",0.026
"76",76,"VAL",0.544
"77",77,"GLY",0.997
"78",78,"LEU",0.025
"79",79,"GLN",0.026
"80",80,"ASN",0.917
"81",81,"LEU",0.757
"82",82,"GLN",0.026
"83",83,"PHE",0.026
"84",84,"TYR",0.995
"85",85,"TYR",0.025
"86",86,"ASN",0.026
"87",87,"GLN",0.025
"88",88,"SER",0.026
"89",89,"GLU",0.026
"90",90,"GLY",0.026
"91",91,"ALA",0.026
"92",92,"HIS",0.025
"93",93,"THR",0.027
"94",94,"TYR",0.316
"95",95,"GLN",0.031
"96",96,"ARG",0.947
"97",97,"LEU",0.03
"98",98,"VAL",0.992
"99",99,"GLY",0.027
"100",100,"CYS",0.028
"101",101,"GLU",0.027
"102",102,"VAL",0.027
"103",103,"THR",0.027
"104",104,"TYR",0.027
"105",105,"ASP",0.026
"106",106,"TRP",0.027
"107",107,"ILE",0.026
"108",108,"PHE",0.026
"109",109,"LEU",0.026
"110",110,"ARG",0.026
"111",111,"GLY",0.026
"112",112,"PHE",0.027
"113",113,"GLU",0.337
"114",114,"GLN",0.031
"115",115,"PHE",0.97
"116",116,"ALA",0.031
"117",117,"TYR",0.027
"118",118,"ASN",0.027
"119",119,"GLY",0.029
"120",120,"HIS",0.029
"121",121,"ASP",0.03
"122",122,"TYR",0.635
"123",123,"ILE",0.031
"124",124,"SER",0.028
"125",125,"LEU",0.026
"126",126,"ASP",0.026
"127",127,"LEU",0.026
"128",128,"THR",0.026
"129",129,"THR",0.026
"130",130,"LEU",0.026
"131",131,"SER",0.026
"132",132,"TRP",0.036
"133",133,"THR",0.027
"134",134,"VAL",0.026
"135",135,"ALA",0.027
"136",136,"GLU",0.026
"137",137,"PRO",0.026
"138",138,"THR",0.025
"139",139,"ALA",0.025
"140",140,"LEU",0.026
"141",141,"ASN",0.027
"142",142,"SER",0.997
"143",143,"LYS",0.025
"144",144,"LEU",0.026
"145",145,"LYS",0.984
"146",146,"TRP",0.997
"147",147,"GLU",0.026
"148",148,"ALA",0.026
"149",149,"GLU",0.208
"150",150,"ARG",0.031
"151",151,"SER",0.026
"152",152,"ILE",0.961
"153",153,"ALA",0.026
"154",154,"GLN",0.026
"155",155,"ARG",0.963
"156",156,"GLN",0.977
"157",157,"LYS",0.026
"158",158,"GLU",0.027
"159",159,"TYR",1
"160",160,"LEU",0.026
"161",161,"GLU",0.026
"162",162,"GLU",0.027
"163",163,"LYS",0.651
"164",164,"CYS",0.03
"165",165,"VAL",0.028
"166",166,"TYR",0.028
"167",167,"TRP",0.995
"168",168,"LEU",0.029
"169",169,"ARG",0.027
"170",170,"LYS",0.044
"171",171,"TYR",0.997
"172",172,"LEU",0.029
"173",173,"GLU",0.026
"174",174,"TYR",0.026
"175",175,"GLY",0.027
"176",176,"LYS",0.027
"177",177,"GLU",0.027
"178",178,"LYS",0.029
"179",179,"LEU",0.03
"180",180,"LEU",0.031
"181",181,"ARG",0.03
"182",182,"ALA",0.029
"183",183,"ALA",0.027
"184",184,"PRO",0.026
"185",185,"PRO",0.026
"186",186,"SER",0.026
"187",187,"VAL",0.026
"188",188,"ARG",0.026
"189",189,"ILE",0.026
"190",190,"THR",0.026
"191",191,"HIS",0.026
"192",192,"ARG",0.026
"193",193,"THR",0.026
"194",194,"HIS",0.026
"195",195,"PRO",0.026
"196",196,"ASP",0.026
"197",197,"GLY",0.026
"198",198,"LYS",0.026
"199",199,"VAL",0.026
"200",200,"THR",0.026
"201",201,"LEU",0.026
"202",202,"GLN",0.026
"203",203,"CYS",0.026
"204",204,"ARG",0.026
"205",205,"SER",0.026
"206",206,"GLN",0.026
"207",207,"ASP",0.027
"208",208,"PHE",0.028
"209",209,"TYR",0.032
"210",210,"PRO",0.033
"211",211,"ALA",0.033
"212",212,"GLU",0.031
"213",213,"ILE",0.029
"214",214,"SER",0.028
"215",215,"LEU",0.029
"216",216,"THR",0.028
"217",217,"TRP",0.027
"218",218,"LEU",0.026
"219",219,"ARG",0.026
"220",220,"ASP",0.026
"221",221,"GLY",0.026
"222",222,"GLU",0.026
"223",223,"GLU",0.027
"224",224,"GLN",0.027
"225",225,"HIS",0.028
"226",226,"GLN",0.027
"227",227,"ASP",0.026
"228",228,"THR",0.028
"229",229,"GLU",0.027
"230",230,"PHE",0.028
"231",231,"ILE",0.028
"232",232,"GLU",0.031
"233",233,"THR",0.031
"234",234,"ARG",0.029
"235",235,"PRO",0.034
"236",236,"ALA",0.029
"237",237,"GLY",0.029
"238",238,"ASP",0.029
"239",239,"GLY",0.032
"240",240,"THR",0.03
"241",241,"PHE",0.035
"242",242,"GLN",0.027
"243",243,"LYS",0.03
"244",244,"TRP",0.027
"245",245,"VAL",0.028
"246",246,"ALA",0.027
"247",247,"VAL",0.026
"248",248,"GLU",0.026
"249",249,"VAL",0.026
"250",250,"THR",0.026
"251",251,"SER",0.026
"252",252,"GLY",0.026
"253",253,"GLN",0.026
"254",254,"GLU",0.026
"255",255,"GLY",0.026
"256",256,"ASN",0.026
"257",257,"TYR",0.026
"258",258,"ILE",0.026
"259",259,"CYS",0.026
"260",260,"ARG",0.027
"261",261,"VAL",0.026
"262",262,"GLN",0.027
"263",263,"HIS",0.028
"264",264,"GLU",0.03
"265",265,"GLY",0.027
"266",266,"LEU",0.026
"267",267,"PRO",0.026
"268",268,"GLU",0.026
"269",269,"PRO",0.026
"270",270,"LEU",0.026
"271",271,"THR",0.026
"272",272,"LEU",0.026
"273",273,"LYS",0.026
"274",274,"TRP",0.026
"275",275,"PRO",0.026
"276",276,"GLU",0.026
"277",277,"SER",0.026
"278",278,"SER",0.026
"279",279,"SER",0.026
"280",280,"PRO",0.026
"281",281,"ILE",0.026
"282",282,"ILE",0.026
"283",283,"VAL",0.026
"284",284,"GLY",0.026
"285",285,"VAL",0.026
"286",286,"LEU",0.026
"287",287,"ALA",0.026
"288",288,"ALA",0.026
"289",289,"VAL",0.026
"290",290,"PHE",0.026
"291",291,"LEU",0.026
"292",292,"LEU",0.026
"293",293,"ASN",0.026
"294",294,"ALA",0.026
"295",295,"VAL",0.026
"296",296,"ILE",0.026
"297",297,"ALA",0.026
"298",298,"GLY",0.026
"299",299,"ALA",0.026
"300",300,"VAL",0.026
"301",301,"VAL",0.026
"302",302,"TRP",0.026
"303",303,"ARG",0.026
"304",304,"LYS",0.026
"305",305,"LYS",0.026
"306",306,"THR",0.027
"307",307,"SER",0.026
"308",308,"GLY",0.026
"309",309,"GLY",0.026
"310",310,"LYS",0.027
"311",311,"GLY",0.026
"312",312,"GLY",0.027
"313",313,"ASP",0.027
"314",314,"TYR",0.026
"315",315,"VAL",0.026
"316",316,"GLN",0.026
"317",317,"ALA",0.026
"318",318,"ALA",0.026
"319",319,"GLY",0.026
"320",320,"ASN",0.026
"321",321,"ASP",0.027
"322",322,"SER",0.027
"323",323,"ALA",0.026
"324",324,"GLN",0.026
"325",325,"GLY",0.027
"326",326,"SER",0.033
"327",327,"ASP",0.033
"328",328,"VAL",0.03
"329",329,"SER",0.027
"330",330,"LEU",0.03
"331",331,"THR",0.026
"332",332,"ALA",0.026
"333",333,"LYS",0.026
"334",334,"ALA",0.026
